{"hour": 2, "lots": {}, "machines": {"DE_BE_11": {"avail": 1.0, "util": 1.3022010742503816, "pm": 0.0, "br": 0.0, "setup": 0.0, "starv": 0.0, "starv_cnt": 0.3, "block": 0.0, "block_cnt": 0, "waiting_lots": 0}, "DE_BE_12": {"avail": 1.0, "util": 1.423686786994252, "pm": 0.0, "br": 0.0, "setup": 0.0, "starv": 0.0, "starv_cnt": 0, "block": 0.0, "block_cnt": 0, "waiting_lots": 238}, "DE_BE_13": {"avail": 0.7265105608917318, "util": 1.6383236399877195, "pm": 0.0, "br": 0.2734894391082681, "setup": 0.023076005191963993, "starv": 0.0, "starv_cnt": 0.3, "block": 0.0, "block_cnt": 0, "waiting_lots": 0}, "DE_BE_48": {"avail": 1.0, "util": 1.60270163947776, "pm": 0.0, "br": 0.0, "setup": 0.0, "starv": 0.0, "starv_cnt": 0, "block": 0.0, "block_cnt": 0, "waiting_lots": 55}, "DE_BE_50": {"avail": 1.0, "util": 1.686128538786659, "pm": 0.0, "br": 0.0, "setup": 0.0, "starv": 0.0, "starv_cnt": 0, "block": 0.0, "block_cnt": 0, "waiting_lots": 60}, "DE_BE_65": {"avail": 1.0, "util": 1.6319159277047732, "pm": 0.0, "br": 0.0, "setup": 0.0, "starv": 0.0, "starv_cnt": 0, "block": 0.0, "block_cnt": 0, "waiting_lots": 11}, "DE_BE_66": {"avail": 1.0, "util": 1.7830910298341944, "pm": 0.0, "br": 0.0, "setup": 0.019607063235002085, "starv": 0.0, "starv_cnt": 0, "block": 0.0, "block_cnt": 0, "waiting_lots": 17}, "DE_BE_67": {"avail": 1.0, "util": 0.964858497435345, "pm": 0.0, "br": 0.0, "setup": 0.0, "starv": 0.0, "starv_cnt": 0.5, "block": 0.0, "block_cnt": 0, "waiting_lots": 0}, "DE_BE_69": {"avail": 1.0, "util": 0.1908538336805743, "pm": 0.0, "br": 0.0, "setup": 0.0, "starv": 0.0, "starv_cnt": 0.3, "block": 0.0, "block_cnt": 0, "waiting_lots": 0}, "DE_FE_1": {"avail": 1.0, "util": 1.1357709720726588, "pm": 0.0, "br": 0.0, "setup": 0.0, "starv": 0.0, "starv_cnt": 0, "block": 0.0, "block_cnt": 1, "waiting_lots": 70}, "DE_FE_51": {"avail": 1.0, "util": 0.660923861411565, "pm": 0.0, "br": 0.0, "setup": 0.0, "starv": 0.0049152254799673814, "starv_cnt": 0.1, "block": 0.0, "block_cnt": 0, "waiting_lots": 0}, "DE_FE_53": {"avail": 1.0, "util": 0.2721357622182733, "pm": 0.0, "br": 0.0, "setup": 0.0, "starv": 0.0, "starv_cnt": 0, "block": 0.0, "block_cnt": 0, "waiting_lots": 0}, "DE_FE_54": {"avail": 1.0, "util": 1.66081462119594, "pm": 0.0, "br": 0.0, "setup": 0.0, "starv": 0.0, "starv_cnt": 0, "block": 0.8249857706707588, "block_cnt": 1, "waiting_lots": 0}, "DE_FE_56": {"avail": 1.0, "util": 0.9257876946039362, "pm": 0.0, "br": 0.0, "setup": 0.0, "starv": 0.0, "starv_cnt": 0.5, "block": 0.0, "block_cnt": 0, "waiting_lots": 0}, "DE_FE_58": {"avail": 1.0, "util": 1.512112125414884, "pm": 0.0, "br": 0.0, "setup": 0.0, "starv": 0.0, "starv_cnt": 0, "block": 0.0, "block_cnt": 0, "waiting_lots": 14}, "DE_FE_59": {"avail": 1.0, "util": 1.6144863250326313, "pm": 0.0, "br": 0.0, "setup": 0.0, "starv": 0.0, "starv_cnt": 0, "block": 0.0, "block_cnt": 0, "waiting_lots": 360}, "DE_FE_62": {"avail": 1.0, "util": 0.47248405535745247, "pm": 0.0, "br": 0.0, "setup": 0.0, "starv": 0.01253035112621336, "starv_cnt": 0.2, "block": 0.0, "block_cnt": 0, "waiting_lots": 0}, "DE_FE_70": {"avail": 1.0, "util": 1.353159790388713, "pm": 0.0, "br": 0.0, "setup": 0.0, "starv": 0.0, "starv_cnt": 0, "block": 0.0, "block_cnt": 0, "waiting_lots": 616}, "DE_FE_71": {"avail": 0.9746240283593852, "util": 1.6251221220001735, "pm": 0.0, "br": 0.025375971640614767, "setup": 0.0, "starv": 0.0, "starv_cnt": 0, "block": 0.0, "block_cnt": 0, "waiting_lots": 990}, "DE_FE_72": {"avail": 1.0, "util": 0.5433367831659663, "pm": 0.0, "br": 0.0, "setup": 0.0, "starv": 0.0, "starv_cnt": 0.1, "block": 0.0, "block_cnt": 0.1, "waiting_lots": 0}, "DE_FE_86": {"avail": 0.9876447693669063, "util": 1.4121303721670004, "pm": 0.0, "br": 0.012355230633093779, "setup": 0.0, "starv": 0.018738005845175792, "starv_cnt": 0.3, "block": 0.0, "block_cnt": 0, "waiting_lots": 0}, "DefMEt_FE_118": {"avail": 1.0, "util": 0.2651329035229948, "pm": 0.0, "br": 0.0, "setup": 0.0, "starv": 0.0, "starv_cnt": 1, "block": 0.0, "block_cnt": 0, "waiting_lots": 0}, "DefMet_BE_33": {"avail": 1.0, "util": 0.2376584402201542, "pm": 0.0, "br": 0.0, "setup": 0.0, "starv": 0.0, "starv_cnt": 1, "block": 0.0, "block_cnt": 0, "waiting_lots": 0}, "DefMet_BE_42": {"avail": 1.0, "util": 0.20958922120063156, "pm": 0.0, "br": 0.0, "setup": 0.0, "starv": 0.0, "starv_cnt": 1, "block": 0.0, "block_cnt": 0, "waiting_lots": 0}, "DefMet_FE_10": {"avail": 1.0, "util": 0.5731376345936928, "pm": 0.0, "br": 0.0, "setup": 0.0, "starv": 0.007328338131653935, "starv_cnt": 1.5, "block": 0.0, "block_cnt": 0, "waiting_lots": 0}, "DefMet_FE_106": {"avail": 1.0, "util": 0.0, "pm": 0.0, "br": 0.0, "setup": 0.0, "starv": 0.0, "starv_cnt": 0, "block": 0.0, "block_cnt": 0, "waiting_lots": 0}, "DefMet_FE_34": {"avail": 1.0, "util": 0.41620823978663535, "pm": 0.0, "br": 0.0, "setup": 0.0, "starv": 0.14950621062451228, "starv_cnt": 3, "block": 0.0, "block_cnt": 0, "waiting_lots": 0}, "DefMet_FE_43": {"avail": 1.0, "util": 0.47902663593917744, "pm": 0.0, "br": 0.0, "setup": 0.0, "starv": 0.15134198146686673, "starv_cnt": 2.4, "block": 0.0, "block_cnt": 0, "waiting_lots": 0}, "Delay_32": {"avail": 1.0, "util": 0.47151586354975633, "pm": 0.0, "br": 0.0, "setup": 0.0, "starv": 0.0, "starv_cnt": 0.0, "block": 0.0, "block_cnt": 0, "waiting_lots": 0}, "Dielectric_BE_20": {"avail": 1.0, "util": 0.8388026352856066, "pm": 0.0, "br": 0.0, "setup": 0.0, "starv": 0.24419729381403835, "starv_cnt": 0.8, "block": 0.0, "block_cnt": 0, "waiting_lots": 5}, "Dielectric_BE_21": {"avail": 1.0, "util": 1.20679464584125, "pm": 0.0, "br": 0.0, "setup": 0.0, "starv": 0.0, "starv_cnt": 0, "block": 0.0, "block_cnt": 0, "waiting_lots": 204}, "Dielectric_BE_27": {"avail": 1.0, "util": 1.1739666369355146, "pm": 0.0, "br": 0.0, "setup": 0.0, "starv": 0.0, "starv_cnt": 0, "block": 0.0, "block_cnt": 0, "waiting_lots": 768}, "Dielectric_BE_28": {"avail": 1.0, "util": 1.1306617752205534, "pm": 0.0, "br": 0.0, "setup": 0.0, "starv": 0.0, "starv_cnt": 0, "block": 0.0, "block_cnt": 0, "waiting_lots": 156}, "Dielectric_BE_60": {"avail": 1.0, "util": 1.2417331080825678, "pm": 0.0, "br": 0.0, "setup": 0.0, "starv": 0.0, "starv_cnt": 0, "block": 0.0, "block_cnt": 0, "waiting_lots": 12}, "Dielectric_FE_112": {"avail": 1.0, "util": 0.6391491752101812, "pm": 0.0, "br": 0.0, "setup": 0.0, "starv": 0.04192812367153457, "starv_cnt": 1.1, "block": 0.0, "block_cnt": 0, "waiting_lots": 0}, "Dielectric_FE_130": {"avail": 1.0, "util": 0.6915774914008245, "pm": 0.0, "br": 0.0, "setup": 0.0, "starv": 0.0, "starv_cnt": 0.8, "block": 0.0, "block_cnt": 0, "waiting_lots": 0}, "Dielectric_FE_29": {"avail": 1.0, "util": 0.0, "pm": 0.0, "br": 0.0, "setup": 0.0, "starv": 0.0, "starv_cnt": 0, "block": 0.0, "block_cnt": 0, "waiting_lots": 0}, "Dielectric_FE_30": {"avail": 1.0, "util": 1.002740114410565, "pm": 0.0, "br": 0.0, "setup": 0.0, "starv": 0.0, "starv_cnt": 0, "block": 0.0, "block_cnt": 0, "waiting_lots": 6}, "Dielectric_FE_31": {"avail": 1.0, "util": 0.44697451632625557, "pm": 0.0, "br": 0.0, "setup": 0.0, "starv": 0.07681434412819602, "starv_cnt": 0.5, "block": 0.0, "block_cnt": 0, "waiting_lots": 0}, "Diffusion_BE_123": {"avail": 1.0, "util": 0.9329000229960697, "pm": 0.0, "br": 0.0, "setup": 0.0, "starv": 0.0, "starv_cnt": 0, "block": 0.0, "block_cnt": 0, "waiting_lots": 135}, "Diffusion_FE_100": {"avail": 1.0, "util": 0.5450483959655547, "pm": 0.0, "br": 0.0, "setup": 0.0, "starv": 0.0, "starv_cnt": 0, "block": 0.0, "block_cnt": 0, "waiting_lots": 96}, "Diffusion_FE_101": {"avail": 1.0, "util": 0.7350099055286766, "pm": 0.0, "br": 0.0, "setup": 0.0, "starv": 0.0, "starv_cnt": 0, "block": 0.0, "block_cnt": 0, "waiting_lots": 290}, "Diffusion_FE_120": {"avail": 1.0, "util": 0.7127325189987814, "pm": 0.0, "br": 0.0, "setup": 0.0, "starv": 0.0, "starv_cnt": 0, "block": 0.0, "block_cnt": 0, "waiting_lots": 144}, "Diffusion_FE_122": {"avail": 1.0, "util": 0.7515685674334579, "pm": 0.0, "br": 0.0, "setup": 0.0, "starv": 0.0, "starv_cnt": 0, "block": 0.0,